grp_AWBKernel_fu_167.AXIvideo2xfMat_32_20_2160_3840_1_2_U0,loop_row_axi2mat,seq_loop_status1.csv
grp_AWBKernel_fu_167.AXIvideo2xfMat_32_20_2160_3840_1_2_U0.grp_AXIvideo2xfMat_32_20_2160_3840_1_2_Pipeline_loop_start_hunt_fu_132,loop_start_hunt,upc_loop_status1.csv
grp_AWBKernel_fu_167.AXIvideo2xfMat_32_20_2160_3840_1_2_U0.grp_AXIvideo2xfMat_32_20_2160_3840_1_2_Pipeline_loop_col_zxi2mat_fu_152,loop_col_zxi2mat,upc_loop_status2.csv
grp_AWBKernel_fu_167.AXIvideo2xfMat_32_20_2160_3840_1_2_U0.grp_AXIvideo2xfMat_32_20_2160_3840_1_2_Pipeline_loop_last_hunt_fu_180,loop_last_hunt,upc_loop_status3.csv
grp_AWBKernel_fu_167.AWBChannelGain_20_20_2160_3840_1_0_2_2_U0.grp_AWBChannelGainKernel_20_20_2160_3840_1_2_2_3_23_23_13_13_3840_s_fu_79,Row_Loop,seq_loop_status2.csv
grp_AWBKernel_fu_167.AWBChannelGain_20_20_2160_3840_1_0_2_2_U0.grp_AWBChannelGainKernel_20_20_2160_3840_1_2_2_3_23_23_13_13_3840_s_fu_79.grp_AWBChannelGainKernel_Pipeline_Col_Loop_fu_258,Col_Loop,upc_loop_status4.csv
grp_AWBKernel_fu_167.AWBChannelGain_20_20_2160_3840_1_0_2_2_U0.grp_AWBChannelGainKernel_20_20_2160_3840_1_2_2_3_23_23_13_13_3840_s_fu_79.grp_AWBChannelGainKernel_Pipeline_VITIS_LOOP_216_3_fu_271,VITIS_LOOP_216_3,upc_loop_status5.csv
grp_AWBKernel_fu_167.AWBGainUpdate_20_20_2160_3840_1_0_2_2_U0,VITIS_LOOP_85_1,seq_loop_status3.csv
grp_AWBKernel_fu_167.AWBGainUpdate_20_20_2160_3840_1_0_2_2_U0.grp_AWBGainUpdate_20_20_2160_3840_1_0_2_2_Pipeline_ColLoop1_fu_84,ColLoop1,upc_loop_status6.csv
grp_AWBKernel_fu_167.xfMat2AXIvideo_32_20_2160_3840_1_2_0_U0,loop_row_mat2axi,seq_loop_status4.csv
grp_AWBKernel_fu_167.xfMat2AXIvideo_32_20_2160_3840_1_2_0_U0.grp_xfMat2AXIvideo_32_20_2160_3840_1_2_0_Pipeline_loop_col_mat2axi_fu_100,loop_col_mat2axi,upc_loop_status7.csv
