grp_AWBKernel_fu_167,AWBKernel_Block_entry_proc_U0,,status1.csv
grp_AWBKernel_fu_167,p_hls_fptosi_float_i32_2_U0,,status2.csv
grp_AWBKernel_fu_167,AXIvideo2xfMat_32_20_2160_3840_1_2_U0,,status3.csv
grp_AWBKernel_fu_167,AWBChannelGain_20_20_2160_3840_1_0_2_2_U0,,status4.csv
grp_AWBKernel_fu_167,AWBGainUpdate_20_20_2160_3840_1_0_2_2_U0,,status5.csv
grp_AWBKernel_fu_167,xfMat2AXIvideo_32_20_2160_3840_1_2_0_U0,,status6.csv
,AESL_inst_autowhitebalance_accel,,module_status1.csv
,grp_AWBKernel_fu_167,,module_status2.csv
grp_AWBKernel_fu_167.AXIvideo2xfMat_32_20_2160_3840_1_2_U0,grp_AXIvideo2xfMat_32_20_2160_3840_1_2_Pipeline_loop_start_hunt_fu_132,,module_status3.csv
grp_AWBKernel_fu_167.AXIvideo2xfMat_32_20_2160_3840_1_2_U0,grp_AXIvideo2xfMat_32_20_2160_3840_1_2_Pipeline_loop_col_zxi2mat_fu_152,,module_status4.csv
grp_AWBKernel_fu_167.AXIvideo2xfMat_32_20_2160_3840_1_2_U0,grp_AXIvideo2xfMat_32_20_2160_3840_1_2_Pipeline_loop_last_hunt_fu_180,,module_status5.csv
grp_AWBKernel_fu_167.AWBChannelGain_20_20_2160_3840_1_0_2_2_U0,grp_AWBChannelGainKernel_20_20_2160_3840_1_2_2_3_23_23_13_13_3840_s_fu_79,,module_status6.csv
grp_AWBKernel_fu_167.AWBChannelGain_20_20_2160_3840_1_0_2_2_U0.grp_AWBChannelGainKernel_20_20_2160_3840_1_2_2_3_23_23_13_13_3840_s_fu_79,grp_AWBChannelGainKernel_Pipeline_Col_Loop_fu_258,,module_status7.csv
grp_AWBKernel_fu_167.AWBChannelGain_20_20_2160_3840_1_0_2_2_U0.grp_AWBChannelGainKernel_20_20_2160_3840_1_2_2_3_23_23_13_13_3840_s_fu_79,grp_AWBChannelGainKernel_Pipeline_VITIS_LOOP_216_3_fu_271,,module_status8.csv
grp_AWBKernel_fu_167.AWBGainUpdate_20_20_2160_3840_1_0_2_2_U0,grp_AWBGainUpdate_20_20_2160_3840_1_0_2_2_Pipeline_ColLoop1_fu_84,,module_status9.csv
grp_AWBKernel_fu_167.xfMat2AXIvideo_32_20_2160_3840_1_2_0_U0,grp_xfMat2AXIvideo_32_20_2160_3840_1_2_0_Pipeline_loop_col_mat2axi_fu_100,,module_status10.csv
